{
    "loss": 1.5771658420562744,
    "accuracy": 0.5161290168762207
}