{
    "loss": 11.560221672058105,
    "accuracy": 0.5053763389587402
}